{"graph": {"_type": "graph-file", "sha256": "d07f3e4facd8e5f8474e187278a8323b564c17c6eaefeaf7c2e53a7af009ae7e", "size": 2612, "path": "media/graph/graph_summary_d07f3e4facd8e5f8474e.graph.json"}, "epoch": 0, "_timestamp": 1681135337.0654597, "loss": 1.5613174438476562, "accuracy": 0.45820000767707825, "val_loss": 1.1514931917190552, "val_accuracy": 0.5866000056266785, "lr": 0.0010000000474974513, "_runtime": 141.52474975585938, "_step": 1, "best_val_loss": 1.1514931917190552, "best_epoch": 0, "Validation loss": 1.1111541986465454, "Validation accuracy": 0.5971999764442444, "_wandb": {"runtime": 139}}