{"graph": {"_type": "graph-file", "sha256": "6469afade9351366105c97f99ce4df8e9f131db57b28b616a8e52680c63a46c0", "size": 1267, "path": "media/graph/graph_summary_6469afade9351366105c.graph.json"}, "epoch": 16, "_timestamp": 1681250137.844401, "loss": 0.42236456274986267, "accuracy": 0.8509200215339661, "val_loss": 1.0779300928115845, "val_accuracy": 0.6866000294685364, "lr": 0.000800000037997961, "_runtime": 375.42277693748474, "_step": 17, "best_val_loss": 0.9166914820671082, "best_epoch": 6, "Test loss": 1.0279796123504639, "Test accuracy": 0.7027999758720398}