{"graph": {"_type": "graph-file", "sha256": "78e9745dea7063d43ffc05bdbc8c7ec9b7da19e31c76e7fbe5f581e20c7a1b41", "size": 1270, "path": "media/graph/graph_summary_78e9745dea7063d43ffc.graph.json"}, "epoch": 0, "_timestamp": 1681132604.6638248, "loss": 1.3872581720352173, "accuracy": 0.5011000037193298, "val_loss": 1.1170486211776733, "val_accuracy": 0.6060000061988831, "lr": 0.0010000000474974513, "_runtime": 35.974613904953, "_step": 0, "best_val_loss": 1.1170486211776733, "best_epoch": 0}