{"graph": {"_type": "graph-file", "sha256": "2642a784066980a7b4165962362d34bebdceaf8a197c3af78954a53dc7782172", "size": 2489, "path": "media/graph/graph_summary_2642a784066980a7b416.graph.json"}, "epoch": 0, "_timestamp": 1681134101.371949, "loss": 1.2928794622421265, "accuracy": 0.5573400259017944, "val_loss": 1.506974220275879, "val_accuracy": 0.5181999802589417, "lr": 0.0010000000474974513, "_runtime": 53.4295289516449, "_step": 1, "best_val_loss": 1.506974220275879, "best_epoch": 0, "Validation loss": 1.4640564918518066, "Validation accuracy": 0.519599974155426, "_wandb": {"runtime": 53}}