{"graph": {"_type": "graph-file", "sha256": "99109fa4d464ebdeb6ed61f8aa88e3d8cbe49073e1857ca8b8098d99c071542c", "size": 595, "path": "media/graph/graph_summary_99109fa4d464ebdeb6ed.graph.json"}, "epoch": 149, "_timestamp": 1680027106.007873, "loss": 0.12462708353996277, "accuracy": 0.9664705991744995, "val_loss": 0.19667205214500427, "val_accuracy": 0.9266666769981384, "lr": 1.638400108942492e-13, "_runtime": 190.7836480140686, "_step": 149, "best_val_loss": 0.19569669663906097, "best_epoch": 80, "_wandb": {"runtime": 189}}