{"graph": {"_type": "graph-file", "sha256": "647a70d60a54bf3e4a0be44881c70ca8f997f4d4b73b46c0c2abfe8c31decd05", "size": 2562, "path": "media/graph/graph_summary_647a70d60a54bf3e4a0b.graph.json"}, "epoch": 0, "_timestamp": 1681134925.4192395, "loss": 1.5751144886016846, "accuracy": 0.4528999924659729, "val_loss": 1.1715047359466553, "val_accuracy": 0.58160001039505, "lr": 0.0010000000474974513, "_runtime": 142.74449753761292, "_step": 1, "best_val_loss": 1.1715047359466553, "best_epoch": 0, "Validation loss": 1.1409729719161987, "Validation accuracy": 0.5978000164031982, "_wandb": {"runtime": 142}}