{"graph": {"_type": "graph-file", "sha256": "33b0727bfd374437ba9f48ef315484401a1440bac4a54693000763947bca134f", "size": 1270, "path": "media/graph/graph_summary_33b0727bfd374437ba9f.graph.json"}, "epoch": 0, "_timestamp": 1681132152.306306, "loss": 1.3356515169143677, "accuracy": 0.5230399966239929, "val_loss": 1.1028119325637817, "val_accuracy": 0.6276000142097473, "lr": 0.0010000000474974513, "_runtime": 39.88762283325195, "_step": 1, "best_val_loss": 1.1028119325637817, "best_epoch": 0, "Validation loss": 1.0771743059158325, "Validation accuracy": 0.6277999877929688, "_wandb": {"runtime": 100}}