{"graph": {"_type": "graph-file", "sha256": "92285313571b472100f455cb725f969a0c8791da5acfeb5d53dab320317b32c2", "size": 1232, "path": "media/graph/graph_summary_92285313571b472100f4.graph.json"}, "epoch": 0, "_timestamp": 1681130875.1039376, "loss": 1.3181623220443726, "accuracy": 0.5291000008583069, "val_loss": 1.1544854640960693, "val_accuracy": 0.5916000008583069, "lr": 0.0010000000474974513, "_runtime": 34.07226371765137, "_step": 0, "best_val_loss": 1.1544854640960693, "best_epoch": 0}