{"graph": {"_type": "graph-file", "sha256": "32d26ff093395f5445241c18ec91d80413d119cd2cfa6a986c1961623a9f837f", "size": 3837, "path": "media/graph/graph_summary_32d26ff093395f544524.graph.json"}, "epoch": 0, "_timestamp": 1681137193.8233323, "loss": 1.8068041801452637, "accuracy": 0.3458999991416931, "val_loss": 1.6340242624282837, "val_accuracy": 0.41019999980926514, "lr": 0.0010000000474974513, "_runtime": 57.0887553691864, "_step": 1, "best_val_loss": 1.6340242624282837, "best_epoch": 0, "Test loss": 1.59140145778656, "Test accuracy": 0.42320001125335693, "_wandb": {"runtime": 54}}