{"graph": {"_type": "graph-file", "sha256": "c3da54badf7383d356060dbd82a9063fc4c40b9760f33cf330404e3a86de0c68", "size": 3889, "path": "media/graph/graph_summary_c3da54badf7383d35606.graph.json"}, "epoch": 19, "_timestamp": 1681333436.9532225, "loss": 0.5352840423583984, "accuracy": 0.8182200193405151, "val_loss": 0.8127621412277222, "val_accuracy": 0.7429999709129333, "lr": 0.0010000000474974513, "_runtime": 851.7351086139679, "_step": 20, "best_val_loss": 0.8127621412277222, "best_epoch": 19, "Test loss": 0.7438197731971741, "Test accuracy": 0.7620000243186951, "_wandb": {"runtime": 850}}