{"graph": {"_type": "graph-file", "sha256": "1e44a9c60a2bb280d457919584bb6911583a814c0a3f9f1c57b52152f4696f05", "size": 5411, "path": "media/graph/graph_summary_1e44a9c60a2bb280d457.graph.json"}, "epoch": 16, "_timestamp": 1681318880.7488399, "loss": 0.040001194924116135, "accuracy": 0.9856799840927124, "val_loss": 0.9807284474372864, "val_accuracy": 0.8040000200271606, "lr": 0.000800000037997961, "_runtime": 4114.972883939743, "_step": 17, "best_val_loss": 0.6520745754241943, "best_epoch": 6, "Test loss": 0.8416624069213867, "Test accuracy": 0.828000009059906, "_wandb": {"runtime": 4113}}