{"graph": {"_type": "graph-file", "sha256": "9845931dc3f03b1bb6f0befb2dacef69aecb03253c7a010d35c0995dbe3075b8", "size": 1256, "path": "media/graph/graph_summary_9845931dc3f03b1bb6f0.graph.json"}, "epoch": 13, "_timestamp": 1681305141.8065524, "loss": 0.041529539972543716, "accuracy": 0.9864799976348877, "val_loss": 1.9403376579284668, "val_accuracy": 0.7250000238418579, "lr": 0.000800000037997961, "_runtime": 817.6063933372498, "_step": 14, "best_val_loss": 0.7855033278465271, "best_epoch": 3, "Test loss": 1.8322135210037231, "Test accuracy": 0.7401999831199646, "_wandb": {"runtime": 814}}