{"graph": {"_type": "graph-file", "sha256": "33b0727bfd374437ba9f48ef315484401a1440bac4a54693000763947bca134f", "size": 1270, "path": "media/graph/graph_summary_33b0727bfd374437ba9f.graph.json"}, "epoch": 0, "_timestamp": 1681135115.2114036, "loss": 1.3889237642288208, "accuracy": 0.5036600232124329, "val_loss": 1.1430965662002563, "val_accuracy": 0.5971999764442444, "lr": 0.0010000000474974513, "_runtime": 38.163599491119385, "_step": 1, "best_val_loss": 1.1430965662002563, "best_epoch": 0, "Validation loss": 1.1373693943023682, "Validation accuracy": 0.5956000089645386, "_wandb": {"runtime": 36}}