{"graph": {"_type": "graph-file", "sha256": "6425c909c4f0886432d9f93c0b458a8dc8c9ed9a7d55d746a9069844ebf9b45a", "size": 5411, "path": "media/graph/graph_summary_6425c909c4f0886432d9.graph.json"}, "epoch": 0, "_timestamp": 1681136094.2085671, "loss": 1.158240556716919, "accuracy": 0.5905200242996216, "val_loss": 0.9547358155250549, "val_accuracy": 0.6728000044822693, "lr": 0.0010000000474974513, "_runtime": 265.2010612487793, "_step": 1, "best_val_loss": 0.9547358155250549, "best_epoch": 0, "Validation loss": 0.9186722636222839, "Validation accuracy": 0.6791999936103821, "_wandb": {"runtime": 263}}