{"graph": {"_type": "graph-file", "sha256": "75636b32895dc36ce941a6aca0b7447ddd1f9515fef2bdb5d1da6c4719494155", "size": 2876, "path": "media/graph/graph_summary_75636b32895dc36ce941.graph.json"}, "epoch": 0, "_timestamp": 1681135822.6221852, "loss": 1.8923107385635376, "accuracy": 0.3118000030517578, "val_loss": 1.6382174491882324, "val_accuracy": 0.39500001072883606, "lr": 0.0010000000474974513, "_runtime": 49.335668325424194, "_step": 1, "best_val_loss": 1.6382174491882324, "best_epoch": 0, "Validation loss": 1.6380589008331299, "Validation accuracy": 0.3952000141143799, "_wandb": {"runtime": 47}}