{"graph": {"_type": "graph-file", "sha256": "a7c188b1381f52b82ae07c697e9f0f8ccb756c8690f847c65473c19010144ecb", "size": 2527, "path": "media/graph/graph_summary_a7c188b1381f52b82ae0.graph.json"}, "epoch": 0, "_timestamp": 1681135183.9002516, "loss": 1.3009926080703735, "accuracy": 0.5559999942779541, "val_loss": 1.1305265426635742, "val_accuracy": 0.6154000163078308, "lr": 0.0010000000474974513, "_runtime": 54.233325719833374, "_step": 1, "best_val_loss": 1.1305265426635742, "best_epoch": 0, "Validation loss": 1.0779991149902344, "Validation accuracy": 0.6313999891281128, "_wandb": {"runtime": 52}}