{"graph": {"_type": "graph-file", "sha256": "e7914ae06f13c6ffa62f4a30036740ed3c7e809a75c25b430e1a574baa096104", "size": 725, "path": "media/graph/graph_summary_e7914ae06f13c6ffa62f.graph.json"}, "epoch": 199, "_timestamp": 1680042530.4943247, "loss": 1.0987777386617381e-05, "accuracy": 1.0, "val_loss": 0.49609553813934326, "val_accuracy": 0.9133333563804626, "_runtime": 54.888410568237305, "_step": 200, "best_val_loss": 0.19240061938762665, "best_epoch": 21, "test_loss": 0.49609553813934326, "test_acc": 0.9133333563804626, "_wandb": {"runtime": 53}}