{"graph": {"_type": "graph-file", "sha256": "2161fd81cf1135e7445b059b627aa488d2fcc220d43c0e5511bc9d3b5caa0c0a", "size": 5173, "path": "media/graph/graph_summary_2161fd81cf1135e7445b.graph.json"}, "epoch": 0, "_timestamp": 1681135732.6229684, "loss": 1.5839729309082031, "accuracy": 0.4469200074672699, "val_loss": 1.1623426675796509, "val_accuracy": 0.5953999757766724, "lr": 0.0010000000474974513, "_runtime": 385.3817653656006, "_step": 1, "best_val_loss": 1.1623426675796509, "best_epoch": 0, "Validation loss": 1.1442221403121948, "Validation accuracy": 0.5935999751091003, "_wandb": {"runtime": 383}}