{"graph": {"_type": "graph-file", "sha256": "d9f0f18e742dc430a3555a095e3af66a3442d402b2080ed32c2870982a0f57ea", "size": 1285, "path": "media/graph/graph_summary_d9f0f18e742dc430a355.graph.json"}, "epoch": 0, "_timestamp": 1681135766.5272841, "loss": 1.4634592533111572, "accuracy": 0.4737200140953064, "val_loss": 1.2645511627197266, "val_accuracy": 0.5654000043869019, "lr": 0.0010000000474974513, "_runtime": 27.71557903289795, "_step": 1, "best_val_loss": 1.2645511627197266, "best_epoch": 0, "Validation loss": 1.247680425643921, "Validation accuracy": 0.5722000002861023, "_wandb": {"runtime": 26}}