{"graph": {"_type": "graph-file", "sha256": "b6482a5dcef0da38a340a5f60e3e0a562efa7eb2c01cacef5ae802d0316fcd3f", "size": 584, "path": "media/graph/graph_summary_b6482a5dcef0da38a340.graph.json"}, "epoch": 199, "_timestamp": 1680041218.7546635, "loss": 0.0037890016101300716, "accuracy": 1.0, "val_loss": 0.21023745834827423, "val_accuracy": 0.9399999976158142, "_runtime": 85.34656238555908, "_step": 200, "best_val_loss": 0.14721889793872833, "best_epoch": 74, "test_loss": 0.21023745834827423, "test_acc": 0.9399999976158142, "_wandb": {"runtime": 397}}