{"graph": {"_type": "graph-file", "sha256": "ea2682eca52cabdaa98eb7b4dba7bcd73a58a92508e3456f0676141ece8fd398", "size": 595, "path": "media/graph/graph_summary_ea2682eca52cabdaa98e.graph.json"}, "epoch": 34, "_timestamp": 1680028609.5477152, "loss": 0.20386560261249542, "accuracy": 0.9429411888122559, "val_loss": 0.25632616877555847, "val_accuracy": 0.9100000262260437, "lr": 0.0010000000474974513, "_runtime": 58.583232164382935, "_step": 34, "best_val_loss": 0.25632616877555847, "best_epoch": 34}