{"graph": {"_type": "graph-file", "sha256": "6242e09bdee1e84440857028ea83dfe648b4c2366dcc88d9680c6a464a3ee31d", "size": 743, "path": "media/graph/graph_summary_6242e09bdee1e8444085.graph.json"}, "epoch": 199, "_timestamp": 1680041633.8544996, "loss": 4.460516265680781e-06, "accuracy": 1.0, "val_loss": 0.6730256676673889, "val_accuracy": 0.903333306312561, "_runtime": 38.942426681518555, "_step": 200, "best_val_loss": 0.20199497044086456, "best_epoch": 11, "test_loss": 0.6730256676673889, "test_acc": 0.903333306312561, "_wandb": {"runtime": 37}}