{"graph": {"_type": "graph-file", "sha256": "32b040a255a7be020089aa5dd6e806b66d656dfc220594a540a4bb60d3cf3f18", "size": 3845, "path": "media/graph/graph_summary_32b040a255a7be020089.graph.json"}, "epoch": 0, "_timestamp": 1681137259.810736, "loss": 1.7973005771636963, "accuracy": 0.3472200036048889, "val_loss": 1.4155011177062988, "val_accuracy": 0.4851999878883362, "lr": 0.0010000000474974513, "_runtime": 54.38015699386597, "_step": 1, "best_val_loss": 1.4155011177062988, "best_epoch": 0, "Test loss": 1.3850477933883667, "Test accuracy": 0.48980000615119934}