{"graph": {"_type": "graph-file", "sha256": "085f922e2c872a754158860a5b80b1ed679d3a48d23756b1ce103dc3d256731d", "size": 2068, "path": "media/graph/graph_summary_085f922e2c872a754158.graph.json"}, "epoch": 2, "_timestamp": 1681331971.3927903, "loss": 0.9551221132278442, "accuracy": 0.6622400283813477, "val_loss": 1.038912057876587, "val_accuracy": 0.6417999863624573, "lr": 0.0010000000474974513, "_runtime": 107.46534132957458, "_step": 2, "best_val_loss": 1.038912057876587, "best_epoch": 2}