{"graph": {"_type": "graph-file", "sha256": "53e7ac26381ade3dab0f844648a9f4c196a6ffaed45da1ea9e58257c9a20a162", "size": 4213, "path": "media/graph/graph_summary_53e7ac26381ade3dab0f.graph.json"}, "epoch": 0, "_timestamp": 1681136261.6814263, "loss": 1.538223147392273, "accuracy": 0.4681999981403351, "val_loss": 1.2309976816177368, "val_accuracy": 0.5669999718666077, "lr": 0.0010000000474974513, "_runtime": 159.89236330986023, "_step": 1, "best_val_loss": 1.2309976816177368, "best_epoch": 0, "Validation loss": 1.2016340494155884, "Validation accuracy": 0.571399986743927, "_wandb": {"runtime": 158}}