{"graph": {"_type": "graph-file", "sha256": "92285313571b472100f455cb725f969a0c8791da5acfeb5d53dab320317b32c2", "size": 1232, "path": "media/graph/graph_summary_92285313571b472100f4.graph.json"}, "epoch": 12, "_timestamp": 1681249750.9116979, "loss": 0.06065300107002258, "accuracy": 0.979960024356842, "val_loss": 1.8540247678756714, "val_accuracy": 0.7093999981880188, "lr": 0.000800000037997961, "_runtime": 444.46412897109985, "_step": 13, "best_val_loss": 0.8856788873672485, "best_epoch": 2, "Test loss": 1.6917054653167725, "Test accuracy": 0.7265999913215637, "_wandb": {"runtime": 443}}