{"graph": {"_type": "graph-file", "sha256": "96444124e32f018944704e33377218148ad6ff12ea99f529f7b13af239745984", "size": 5182, "path": "media/graph/graph_summary_96444124e32f01894470.graph.json"}, "epoch": 19, "_timestamp": 1681313807.1307695, "loss": 0.2019878774881363, "accuracy": 0.9286199808120728, "val_loss": 0.6165962219238281, "val_accuracy": 0.8256000280380249, "lr": 0.000800000037997961, "_runtime": 5490.827578544617, "_step": 20, "best_val_loss": 0.5728420615196228, "best_epoch": 12, "Validation loss": 0.5286594033241272, "Test accuracy": 0.8443999886512756, "_wandb": {"runtime": 5490}}