{"graph": {"_type": "graph-file", "sha256": "2494edbb39bed974f68bd2da8f1d262cbed6e668cff3614777876807ab612428", "size": 1989, "path": "media/graph/graph_summary_2494edbb39bed974f68b.graph.json"}, "epoch": 15, "_timestamp": 1681332576.2971134, "loss": 0.1630554050207138, "accuracy": 0.9419000148773193, "val_loss": 1.297959566116333, "val_accuracy": 0.7035999894142151, "lr": 0.000800000037997961, "_runtime": 477.9432694911957, "_step": 16, "best_val_loss": 0.9009514451026917, "best_epoch": 5, "Test loss": 1.2000718116760254, "Test accuracy": 0.7221999764442444, "_wandb": {"runtime": 477}}