{"graph": {"_type": "graph-file", "sha256": "0c825a0d86a96085b19b3d636552cd333b5029229019f468cd82794701136e53", "size": 3837, "path": "media/graph/graph_summary_0c825a0d86a96085b19b.graph.json"}, "epoch": 0, "_timestamp": 1681137129.578947, "loss": 1.8031153678894043, "accuracy": 0.3456000089645386, "val_loss": 1.8671672344207764, "val_accuracy": 0.3693999946117401, "lr": 0.0010000000474974513, "_runtime": 53.607951164245605, "_step": 1, "best_val_loss": 1.8671672344207764, "best_epoch": 0, "Test loss": 1.842345952987671, "Test accuracy": 0.37439998984336853, "_wandb": {"runtime": 51}}