{"graph": {"_type": "graph-file", "sha256": "3f3e094e76f0d9216c031517fcd84d05a3ac8017f3bfbca9ed3da7039ba189cf", "size": 5365, "path": "media/graph/graph_summary_3f3e094e76f0d9216c03.graph.json"}, "epoch": 19, "_timestamp": 1681331841.0035772, "loss": 0.4642132818698883, "accuracy": 0.8464999794960022, "val_loss": 0.5848344564437866, "val_accuracy": 0.8119999766349792, "lr": 0.0010000000474974513, "_runtime": 10475.850869178772, "_step": 20, "best_val_loss": 0.5848344564437866, "best_epoch": 19, "Test loss": 0.5547261238098145, "Test accuracy": 0.817799985408783, "_wandb": {"runtime": 10474}}