{"graph": {"_type": "graph-file", "sha256": "670867015e6feab5a340e5fa1f2cb8d01a83070864dfd5886f23cd9299f62bc5", "size": 1270, "path": "media/graph/graph_summary_670867015e6feab5a340.graph.json"}, "epoch": 0, "_timestamp": 1681132257.6197762, "loss": 1.372267484664917, "accuracy": 0.5106199979782104, "val_loss": 1.0982078313827515, "val_accuracy": 0.6133999824523926, "lr": 0.0010000000474974513, "_runtime": 37.372440338134766, "_step": 1, "best_val_loss": 1.0982078313827515, "best_epoch": 0, "Validation loss": 1.07111656665802, "Validation accuracy": 0.6161999702453613, "_wandb": {"runtime": 35}}