{"graph": {"_type": "graph-file", "sha256": "78157a13b1b12291d00ab470548f0a95ab9edec72204b95f5c88f1a4a25723bf", "size": 711, "path": "media/graph/graph_summary_78157a13b1b12291d00a.graph.json"}, "epoch": 199, "_timestamp": 1680042148.4788964, "loss": 0.001002780394628644, "accuracy": 1.0, "val_loss": 0.3097310960292816, "val_accuracy": 0.9200000166893005, "_runtime": 42.21604943275452, "_step": 200, "best_val_loss": 0.2107759714126587, "best_epoch": 22, "test_loss": 0.3097310960292816, "test_acc": 0.9200000166893005, "_wandb": {"runtime": 40}}