{"graph": {"_type": "graph-file", "sha256": "682ef7b248cd9ad2e65dad8891afa318737d851af22dccd1969b7fd7f59967ec", "size": 584, "path": "media/graph/graph_summary_682ef7b248cd9ad2e65d.graph.json"}, "epoch": 199, "_timestamp": 1680040868.2313564, "loss": 0.006079983431845903, "accuracy": 1.0, "val_loss": 0.21321827173233032, "val_accuracy": 0.9200000166893005, "_runtime": 181.54683542251587, "_step": 401, "best_val_loss": 0.14504818618297577, "best_epoch": 59, "test_loss": 0.21321827173233032, "test_acc": 0.9200000166893005, "_wandb": {"runtime": 96}}