{"graph": {"_type": "graph-file", "sha256": "a4953bbf3fbf103733edb3f71b27f6a5cda1aa5708e2504b98df3a36c1cac78c", "size": 4221, "path": "media/graph/graph_summary_a4953bbf3fbf103733ed.graph.json"}, "epoch": 19, "_timestamp": 1681321355.3032022, "loss": 0.33998847007751465, "accuracy": 0.8825799822807312, "val_loss": 0.5613234639167786, "val_accuracy": 0.821399986743927, "lr": 0.0010000000474974513, "_runtime": 2455.1874601840973, "_step": 20, "best_val_loss": 0.47350209951400757, "best_epoch": 18, "Test loss": 0.5234969854354858, "Test accuracy": 0.83160001039505, "_wandb": {"runtime": 2453}}