{"graph": {"_type": "graph-file", "sha256": "a0a884c8a915692cc3fdb23f3b0025ad0c913164029187c62b637a53f1b2838d", "size": 2876, "path": "media/graph/graph_summary_a0a884c8a915692cc3fd.graph.json"}, "epoch": 19, "_timestamp": 1681314758.63369, "loss": 0.8744094371795654, "accuracy": 0.7020599842071533, "val_loss": 0.8688589930534363, "val_accuracy": 0.7044000029563904, "lr": 0.0010000000474974513, "_runtime": 942.4153890609741, "_step": 20, "best_val_loss": 0.7718989253044128, "best_epoch": 17, "Test loss": 0.817970335483551, "Test accuracy": 0.7210000157356262, "_wandb": {"runtime": 940}}