{"graph": {"_type": "graph-file", "sha256": "5922d916c8cd23b8dcd2cbf8db1ffd0726c03f6ad26b24034932f3ff1d04e398", "size": 2651, "path": "media/graph/graph_summary_5922d916c8cd23b8dcd2.graph.json"}, "epoch": 19, "_timestamp": 1681308306.7444046, "loss": 0.46570301055908203, "accuracy": 0.8365799784660339, "val_loss": 0.6342313289642334, "val_accuracy": 0.7942000031471252, "lr": 0.0010000000474974513, "_runtime": 2525.197615623474, "_step": 20, "best_val_loss": 0.6322526335716248, "best_epoch": 17, "Test loss": 0.5781527757644653, "Test accuracy": 0.8086000084877014, "_wandb": {"runtime": 2523}}