{"graph": {"_type": "graph-file", "sha256": "c09e029acd33b45f25d03715a6c58cc30e1dbe648c9959b3f50b40e2a981611b", "size": 2546, "path": "media/graph/graph_summary_c09e029acd33b45f25d0.graph.json"}, "epoch": 12, "_timestamp": 1681305770.596737, "loss": 0.10819341987371445, "accuracy": 0.9618200063705444, "val_loss": 1.4607144594192505, "val_accuracy": 0.6905999779701233, "lr": 0.000800000037997961, "_runtime": 614.7015919685364, "_step": 13, "best_val_loss": 0.9380860328674316, "best_epoch": 2, "Test loss": 1.3841862678527832, "Test accuracy": 0.7074000239372253, "_wandb": {"runtime": 613}}