{"graph": {"_type": "graph-file", "sha256": "ff06164a9cbc973cfe288991ceb8ab6641075ed716cf113b1ab9cadd1023bbac", "size": 5162, "path": "media/graph/graph_summary_ff06164a9cbc973cfe28.graph.json"}, "epoch": 0, "_timestamp": 1681333764.140961, "loss": 1.596346139907837, "accuracy": 0.4474799931049347, "val_loss": 1.4060660600662231, "val_accuracy": 0.5194000005722046, "lr": 0.0010000000474974513, "_runtime": 313.76455998420715, "_step": 0, "best_val_loss": 1.4060660600662231, "best_epoch": 0}