{"graph": {"_type": "graph-file", "sha256": "a34f90a8ce71998d175340e9b563f20c221d29a824b738f56926895ea9e23d73", "size": 587, "path": "media/graph/graph_summary_a34f90a8ce71998d1753.graph.json"}, "epoch": 199, "_timestamp": 1680042894.624643, "loss": 0.0065167550928890705, "accuracy": 0.9994117617607117, "val_loss": 0.2221495360136032, "val_accuracy": 0.9300000071525574, "_runtime": 60.54570198059082, "_step": 200, "best_val_loss": 0.13560880720615387, "best_epoch": 85, "test_loss": 0.2221495360136032, "test_acc": 0.9300000071525574, "_wandb": {"runtime": 59}}