{"graph": {"_type": "graph-file", "sha256": "92285313571b472100f455cb725f969a0c8791da5acfeb5d53dab320317b32c2", "size": 1232, "path": "media/graph/graph_summary_92285313571b472100f4.graph.json"}, "epoch": 0, "_timestamp": 1681131854.0316508, "loss": 1.3458940982818604, "accuracy": 0.5190200209617615, "val_loss": 1.1032490730285645, "val_accuracy": 0.6212000250816345, "lr": 0.0010000000474974513, "_runtime": 36.24591374397278, "_step": 0, "best_val_loss": 1.1032490730285645, "best_epoch": 0, "_wandb": {"runtime": 38}}