{"graph": {"_type": "graph-file", "sha256": "9a3e8b16573f001824ca9be02a39ecc615b5a53cc2459e9cb130eab38d2bd7c1", "size": 595, "path": "media/graph/graph_summary_9a3e8b16573f001824ca.graph.json"}, "epoch": 149, "_timestamp": 1680028268.9983087, "loss": 0.0776948481798172, "accuracy": 0.9911764860153198, "val_loss": 0.14690619707107544, "val_accuracy": 0.9433333277702332, "lr": 1.0240001208083882e-10, "_runtime": 256.3479347229004, "_step": 150, "best_val_loss": 0.14572764933109283, "best_epoch": 95, "test_loss": 0.14690619707107544, "test_acc": 0.9433333277702332, "_wandb": {"runtime": 132}}