{"graph": {"_type": "graph-file", "sha256": "32437eacaab0f4a3f027f16037a877b6c7f9e83b93fc8f56d1e377e3e2883989", "size": 878, "path": "media/graph/graph_summary_32437eacaab0f4a3f027.graph.json"}, "epoch": 199, "_timestamp": 1680043209.1442752, "loss": 0.3633015751838684, "accuracy": 0.8605882525444031, "val_loss": 0.21978706121444702, "val_accuracy": 0.9366666674613953, "lr": 1.677721807268576e-20, "_runtime": 94.08805823326111, "_step": 199, "best_val_loss": 0.2164948731660843, "best_epoch": 85, "_wandb": {"runtime": 92}}