{"graph": {"_type": "graph-file", "sha256": "92285313571b472100f455cb725f969a0c8791da5acfeb5d53dab320317b32c2", "size": 1232, "path": "media/graph/graph_summary_92285313571b472100f4.graph.json"}, "epoch": 0, "_timestamp": 1681135061.236585, "loss": 1.3730188608169556, "accuracy": 0.5084400177001953, "val_loss": 1.1422226428985596, "val_accuracy": 0.599399983882904, "lr": 0.0010000000474974513, "_runtime": 38.10671281814575, "_step": 1, "best_val_loss": 1.1422226428985596, "best_epoch": 0, "Validation loss": 1.116413950920105, "Validation accuracy": 0.6078000068664551, "_wandb": {"runtime": 37}}